id,era,title,artist,year,description,image
1,Medieval,The Book of Kells,Unknown,800,"The Book of Kells is an illuminated manuscript created around the 9th century CE by Celtic monks on the remote island of Iona, Scotland, and later completed in Kells, Ireland. This remarkable work is a masterful example of medieval art, specifically Hiberno-Saxon art, which flourished during the Early Medieval period. The book contains the four Gospels of the New Testament adorned with intricate illustrations, vibrant colors, and intricate Celtic motifs. Its significance lies in its exceptional artistic craftsmanship, showcasing the fusion of Celtic and Christian artistic traditions. The Book of Kells serves as a testament to the skill, devotion, and cultural exchange of the medieval era.",img/thebookofkells.jpg
2,Medieval,The Bayeux Tapestry,Unknown,1066-1082,"The Bayeux Tapestry is a remarkable piece of medieval art that vividly depicts the events leading up to the Norman Conquest of England in 1066. Measuring approximately 230 feet long and embroidered on a linen cloth, it is an extraordinary historical document. The tapestry showcases detailed scenes of battles, political intrigues, and daily life, providing invaluable insights into the medieval era. As a significant artistic representation, it exemplifies the style and techniques of medieval art, characterized by its narrative storytelling, intricate details, and vibrant colors. The Bayeux Tapestry stands as a testament to the artistic skills and cultural significance of the medieval period, preserving a crucial chapter of history for future generations.",img/thebayeuxtapestry.png
3,Medieval,Chartres Cathedral,Unknown,1194,"Chartres Cathedral is a magnificent architectural masterpiece and a symbol of Gothic art and architecture. Located in Chartres, France, it is renowned for its grandeur, intricate sculptures, and stunning stained glass windows. Built in the 12th and 13th centuries, the cathedral embodies the height of medieval craftsmanship and spirituality. Its soaring vaulted ceilings, flying buttresses, and pointed arches are quintessential features of the Gothic style. The cathedral's stained glass windows, particularly the famous Blue Virgin window, are revered for their ethereal beauty and spiritual symbolism. Chartres Cathedral represents the artistic and cultural achievements of the medieval period, reflecting the devotion and creativity of its creators and leaving a lasting impact on the development of European art and architecture.",img/chartrescathedral.jpg
4,Medieval,The Lindisfarne Gospels,Unknown,700,"The Lindisfarne Gospels is an extraordinary illuminated manuscript created in the 8th century on the Holy Island of Lindisfarne, England. It is a masterpiece of early medieval art and a significant example of Insular illumination. The gospels, written in Latin, contain the four books of the New Testament, accompanied by intricate illustrations and decorative elements. The pages are adorned with vibrant colors, elaborate interlacing patterns, and intricate animal motifs, showcasing the distinctive style of Insular art. The Lindisfarne Gospels exemplify the fusion of Christian spirituality, Celtic artistic traditions, and intricate craftsmanship. They demonstrate the importance of illuminated manuscripts in preserving and disseminating religious texts during the medieval period, and their enduring beauty continues to captivate viewers today.",img/thelindisfarnegospels.jpg
5,Medieval,The Unicorn Tapestries,Unknown,late 15th century,"The Unicorn Tapestries, also known as The Hunt of the Unicorn, is a renowned series of tapestries dating back to the late Middle Ages. Created in the late 15th or early 16th century, these tapestries are a remarkable example of medieval art and craftsmanship. The series consists of a set of seven large-scale tapestries depicting various scenes related to the hunt and capture of a mythical unicorn. The tapestries are richly woven with vibrant colors, intricate details, and symbolism. They showcase the medieval fascination with symbolism, allegory, and the pursuit of the divine. The Unicorn Tapestries are not only a testament to the technical skill of the weavers but also a reflection of the medieval fascination with the mystical and the spiritual.",img/theunicorntapestries.jpg
6,Medieval,The Book of Hours of Jeanne d'Evreux,Unknown,early 14th century,"The Book of Hours of Jeanne d'Evreux is a beautifully illuminated manuscript created in the early 14th century. It is an exquisite example of medieval book production and artistry. Commissioned by Jeanne d'Evreux, the queen consort of France, this book served as a personal prayer book and a symbol of her piety and status. The manuscript contains a collection of prayers, psalms, and devotional texts accompanied by stunning miniatures and intricate decorations. The illuminations showcase the delicate and meticulous craftsmanship of the medieval illuminators, with vibrant colors, intricate details, and lavish gold leaf. The Book of Hours of Jeanne d'Evreux is not only a testament to the religious devotion of its patron but also a remarkable artistic treasure that captures the beauty and elegance of the medieval period.",img/thebookofhoursofjeannedevreux.jpg
7,Medieval,The Hours of Catherine of Cleves,Unknown,early 15th century,"The Hours of Catherine of Cleves is a splendid medieval manuscript created in the early 15th century. It is renowned for its exquisite illumination and intricate artistic details. Commissioned by Catherine of Cleves, a noblewoman from the Netherlands, this book of hours served as a personal prayer book and a reflection of her devoutness. The manuscript contains a collection of prayers, psalms, and devotional texts, embellished with elaborate borders, delicate miniatures, and ornate initials. The illuminations depict scenes from the life of Christ, saints, and biblical stories, showcasing the mastery of the medieval illuminators. The Hours of Catherine of Cleves stands as a remarkable example of the rich artistic tradition of the time, reflecting the religious fervor and cultural sophistication of the medieval era.",img/thehoursofcatherineofcleves.jpg
8,Medieval,The Doors of Ghiberti,Lorenzo Ghiberti,1425 - 1452,"The Doors of Ghiberti, also known as the Gates of Paradise, are an iconic example of medieval art created by the Italian sculptor Lorenzo Ghiberti in the 15th century. These magnificent bronze doors were commissioned for the Florence Baptistery in Florence, Italy. The doors feature a series of intricately designed panels depicting scenes from the Old Testament, showcasing Ghiberti's exceptional skill in sculpting lifelike figures and intricate details. The artwork's medieval qualities, such as its narrative storytelling, stylized figures, and decorative elements, reflect the artistic style and religious symbolism prevalent during the medieval period. The Doors of Ghiberti had a profound influence on the development of medieval art, setting a standard for craftsmanship and becoming a symbol of Florentine artistic excellence. While they also played a role in the transition to Renaissance art, their significance lies primarily in their embodiment of medieval artistic traditions.",img/thedoorsofghiberti.jpg
9,Medieval,The Westminster Retable,Unknown,late 13th century,"The Westminster Retable is a significant artwork of the medieval art movement, created in the late 13th century for Westminster Abbey in London, England. This magnificent painted panel retable was intended to adorn the high altar of the abbey, serving as a focal point of religious devotion. The Westminster Retable showcases the distinctive style of medieval painting, characterized by rich colors, intricate detailing, and religious iconography. The panels depict scenes from the life of Christ, including his birth, crucifixion, and resurrection, surrounded by ornate decorative elements and angelic figures. The exquisite craftsmanship and meticulous execution of the Westminster Retable highlight the artistic skill and spiritual significance of medieval art. Its presence in Westminster Abbey stands as a testament to the enduring legacy of medieval artistic traditions.",img/thewestminsterretable.jpg
10,Medieval,The Stavelot Triptych,Unknown,12th century,"The Stavelot Triptych is a remarkable example of medieval art created in the 12th century. This intricately crafted triptych, consisting of three hinged panels, was originally made to serve as a portable altarpiece for the Abbey of Stavelot in present-day Belgium. It is attributed to the Mosan School, a renowned artistic movement of the time. The triptych features delicate enamelwork, gilded details, and vibrant colors, showcasing the exquisite craftsmanship and attention to detail characteristic of medieval art. The panels depict scenes from the life of Christ, surrounded by intricate decorative elements and religious symbolism. The Stavelot Triptych exemplifies the fusion of religious devotion, artistic skill, and ornate beauty that defined medieval art. Its enduring legacy serves as a testament to the rich artistic traditions of the period.",img/thestavelottriptych.jpg
11,Renaissance,Mona Lisa,Leonardo da Vinci,1503-1506,"The Mona Lisa, created by Italian artist Leonardo da Vinci during the Renaissance, is one of the most famous and iconic artworks in the world. Painted between 1503 and 1506, this masterpiece exemplifies the ideals of the Renaissance art movement. The painting showcases da Vinci's mastery of techniques such as sfumato, which creates a soft, subtle transition between colors and tones. The Mona Lisa's enigmatic smile, subtle play of light and shadow, and the captivating gaze of the subject reflect the Renaissance focus on humanism, naturalism, and the portrayal of individuality. As an epitome of Renaissance art, the Mona Lisa continues to captivate viewers with its timeless beauty and mysterious allure.",img/monalisa.jpg
12,Renaissance,The Last Supper,Leonardo da Vinci,1495-1498,"The Last Supper, painted by Leonardo da Vinci during the Renaissance, is an iconic masterpiece that holds significant historical and artistic importance. Created between 1495 and 1498, this mural depicts the biblical scene of Jesus Christ's last meal with his disciples. The painting showcases da Vinci's extraordinary attention to detail, composition, and perspective. Through the use of chiaroscuro and realistic human figures, he imbued the scene with a sense of depth, emotion, and narrative power. The Last Supper exemplifies the Renaissance's emphasis on naturalism, the portrayal of human emotions, and the exploration of perspective and composition. It remains an enduring symbol of artistic genius and religious symbolism.",img/thelastsupper.jpg
13,Renaissance,The Birth of Venus,Sandro Botticelli,1484-1486,"The Birth of Venus, painted by Sandro Botticelli during the Renaissance, is a captivating masterpiece that exemplifies the era's fascination with classical mythology and humanistic ideals. Created around 1486, the painting depicts the birth of the goddess Venus emerging from the sea on a seashell. Botticelli's work showcases his meticulous attention to detail, vibrant colors, and graceful figures. The composition and pose of Venus, inspired by ancient Greek and Roman art, evoke a sense of elegance and beauty. The Birth of Venus represents the Renaissance's revival of classical themes, the celebration of beauty, and the exploration of human emotions. It stands as an iconic representation of Renaissance art and its connection to ancient cultural traditions.",img/thebirthofvenus.jpg
14,Renaissance,The Creation of Adam,Michelangelo,1508-1512,"The Creation of Adam, one of the most famous frescoes by Michelangelo, is an iconic artwork that captures the essence of the Renaissance. Painted on the ceiling of the Sistine Chapel in the early 16th century, it depicts the biblical story of the creation of Adam, where God reaches out to touch Adam's finger and bring him to life. This masterpiece showcases Michelangelo's exceptional skill in anatomy, composition, and capturing human emotion. The painting symbolizes the Renaissance fascination with humanism, the belief in the potential and dignity of mankind. It represents the connection between the divine and the human, highlighting the intellectual and artistic achievements of the period. The Creation of Adam remains a significant symbol of the Renaissance and a testament to Michelangelo's genius.",img/thecreationofadam.jpg
15,Renaissance,The School of Athens,Raphael,1509-1511,"The School of Athens, painted by Raphael during the High Renaissance, is a monumental fresco that exemplifies the intellectual and artistic spirit of the era. The painting depicts a gathering of famous philosophers, mathematicians, and scientists from classical antiquity, arranged in a grand architectural setting. It serves as a visual representation of the pursuit of knowledge, wisdom, and the ideal of human intellect. The figures in the composition are depicted with great detail and convey a sense of dynamic interaction and contemplation. The School of Athens reflects the Renaissance fascination with classical philosophy and learning, emphasizing the revival of ancient Greek and Roman knowledge and the integration of humanist ideals. It stands as a testament to Raphael's mastery of composition, perspective, and the portrayal of human form.",img/theschoolofathens.jpg
16,Renaissance,The Creation of Eve,Michelangelo,1508-1512, "The Creation of Eve is a remarkable fresco painting by Michelangelo, part of the iconic Sistine Chapel Ceiling in Vatican City. This masterpiece depicts the biblical account of God creating Eve, the first woman. With incredible skill and precision, Michelangelo captures the intense moment when God reaches out to give life to Eve, showcasing his mastery of human anatomy and dramatic composition. The painting's grandeur and realism reflect the artist's commitment to the ideals of the High Renaissance. The Creation of Eve exemplifies Michelangelo's ability to infuse his works with profound emotion, divine inspiration, and a profound exploration of the human form.",img/thecreationofeve.jpg
17,Renaissance,The Sistine Madonna,Raphael,1512-1513,"The Sistine Madonna is a renowned painting created by the Italian artist Raphael during the High Renaissance period. It depicts the Virgin Mary holding the Christ Child, surrounded by saints and cherubs. The painting showcases Raphael's exceptional skill in composition, use of color, and the portrayal of human emotion. The Sistine Madonna is celebrated for its serene and ethereal beauty, capturing the spiritual essence of the subject matter. This artwork exemplifies the ideals of the Renaissance art movement, which emphasized the revival of classical themes, naturalistic representation, and the pursuit of harmonious beauty. Its influence can be seen in later Baroque and Rococo art, inspiring artists with its emotional depth and divine grace.",img/thesistinemadonna.jpg
18,Renaissance,The Last Judgment,Michelangelo,1536-1541,"The Last Judgment is a monumental fresco painting created by Michelangelo, located on the altar wall of the Sistine Chapel in Vatican City. This awe-inspiring masterpiece depicts the final judgment of souls, as described in Christian theology. Michelangelo skillfully portrays the dramatic scene of Christ as the judge, surrounded by angels, saints, and figures representing both salvation and damnation. The composition is filled with dynamic movement, intense emotions, and intricate details, showcasing Michelangelo's mastery of anatomy, perspective, and the human form. The Last Judgment is a testament to the artist's extraordinary talent and his ability to capture the complexities of spiritual and human existence in a visually stunning and thought-provoking manner.",img/thelastjudgment.jpg
19,Renaissance,The David,Michelangelo,1501-1504,"The David is a renowned marble sculpture created by the Italian artist Michelangelo. Standing at an impressive height of 17 feet, the statue depicts the biblical hero David, known for his triumph over the giant Goliath. Michelangelo's David captures the moment before the battle, showcasing the strength, determination, and youthful beauty of the protagonist. The sculpture is celebrated for its exceptional attention to detail, from the intricate musculature to the lifelike facial expression, reflecting Michelangelo's profound understanding of human anatomy and his ability to breathe life into stone. The David is considered one of the greatest masterpieces of the Renaissance, symbolizing the ideals of beauty, courage, and the indomitable spirit of human achievement.",img/thedavid.jpg
20,Renaissance,Primavera,Sandro Botticelli,1477-1482,"Primavera, meaning "Spring" in Italian, is a masterpiece of Renaissance art created by the Italian painter Sandro Botticelli. Painted around 1482, the artwork depicts a mythological scene with a group of figures set in a lush garden. At the center stands Venus, the goddess of love, surrounded by various mythological figures, including the Three Graces and Mercury. The painting is characterized by its vibrant colors, delicate details, and graceful figures, showcasing Botticelli's exceptional skill in capturing beauty and expressing narrative through art. Primavera is renowned for its symbolism, representing the rejuvenating power of spring, the celebration of love, and the harmonious balance between nature and culture. It is considered one of the most iconic and influential works of the Early Renaissance period.",img/primavera.jpg
21,Baroque,The Calling of St. Matthew,Caravaggio,1599,"The Calling of St. Matthew is a renowned painting by Baroque master Caravaggio. Created during the 17th century, it exemplifies the distinctive characteristics of Baroque art. The painting depicts the biblical scene of Jesus calling Matthew, a tax collector, to become one of his disciples. Caravaggio's mastery of light and shadow, known as chiaroscuro, brings a sense of dramatic intensity to the composition. The use of realistic details and naturalistic figures enhances the emotional impact of the scene. The Calling of St. Matthew exemplifies the Baroque emphasis on capturing human emotions, creating a powerful and engaging visual narrative that became emblematic of the Baroque art movement.",img/thecallingofstmatthew.jpg
22,Baroque,The Ecstasy of St. Teresa,Gian Lorenzo Bernini,1647-1652,"The Ecstasy of St. Teresa is a captivating sculpture by Gian Lorenzo Bernini, representing a defining moment in Baroque art. Crafted during the 17th century, it exemplifies the dramatic and theatrical style of the Baroque movement. The sculpture depicts St. Teresa of Avila in a state of mystical ecstasy, experiencing a divine encounter with an angel. Bernini's remarkable skill in capturing dynamic movement and evoking intense emotions is showcased in the twisting and swirling drapery, expressive faces, and delicate details. The Ecstasy of St. Teresa epitomizes the Baroque fascination with religious fervor and the spiritual realm, capturing the viewers' imagination and engaging their senses in a profound and transformative experience.",img/theecstasyofstteresa.jpg
23,Baroque,The Night Watch,Rembrandt van Rijn,1642,"A famous group portrait of a city militia, known as the The Night Watch is a monumental painting by Rembrandt van Rijn, considered one of the masterpieces of the Baroque art movement. Created during the 17th century, it exemplifies the dynamic and innovative style of the Baroque period. The painting depicts a group portrait of a militia company, capturing a moment of action and movement. Rembrandt's expert use of light and shadow, his skillful rendering of individual characters, and the dramatic composition showcase the artist's mastery. The Night Watch embodies the Baroque interest in capturing realism, theatricality, and a sense of motion, while also reflecting the social and cultural context of the time. It remains an iconic and influential work in the history of art.",img/thenightwatch.jpg
24,Baroque,The Conversion of St. Paul,Caravaggio,1601,"The Conversion of St. Paul is a significant painting from the Baroque art movement. Created by Caravaggio, it exemplifies the dramatic and theatrical style characteristic of the period. The painting depicts the transformative moment when the biblical figure of St. Paul is struck by a divine light, leading to his conversion to Christianity. Caravaggio's mastery of chiaroscuro, the interplay of light and shadow, creates a sense of intense drama and emotional depth. The use of realism in portraying the figures and the powerful contrast between light and darkness add to the impact of the scene. The Conversion of St. Paul is a testament to the Baroque emphasis on capturing human emotion, theatricality, and the power of religious narratives in art.",img/theconversionofstpaul.jpg
25,Baroque,The Raising of the Cross,Peter Paul Rubens,1610-1611,"The Raising of the Cross is a monumental painting that exemplifies the dramatic and dynamic style of the Baroque art movement. Created by Peter Paul Rubens, it depicts the crucifixion of Jesus Christ with an emphasis on the physicality and emotional intensity of the scene. The painting showcases the muscular figures of Christ and the surrounding figures as they strain to lift the cross, capturing the moment of intense struggle and sacrifice. Rubens' mastery of color, light, and composition adds to the overall grandeur and impact of the painting. The Raising of the Cross exemplifies the Baroque fascination with theatricality, dynamic movement, and the portrayal of powerful religious narratives in art.",img/theraisingofthecross.jpg
26,Baroque,The Coronation of the Virgin,Diego Velázquez,1645-1646,"The Coronation of the Virgin is a prominent painting from the Baroque art movement, depicting the heavenly coronation of the Virgin Mary by the Holy Trinity. Created by Diego Velázquez, this masterpiece showcases his exceptional skill in capturing light, texture, and emotion. The painting portrays the celestial realm with a sense of awe and grandeur, emphasizing the divine majesty and celestial beauty. The Coronation of the Virgin exemplifies the Baroque's emphasis on religious themes and the use of dramatic lighting and rich colors to create a sense of spiritual transcendence. This artwork stands as a testament to the profound devotion and religious fervor of the Baroque era.",img/thecoronationofthevirgin.jpg
27,Baroque,The Allegory of the Faith,Johannes Vermeer,1670-1672,"The Triumph of Bacchus, painted by Diego Velázquez, is an iconic masterpiece of the Baroque art movement. The painting portrays the mythological god Bacchus surrounded by a lively group of revelers. The composition exudes energy and dynamism, with vibrant colors and intricate details. The Triumph of Bacchus exemplifies the Baroque fascination with dramatic narratives, sensual aesthetics, and a celebration of life's pleasures. It captures the essence of the era's artistic style, characterized by its boldness, theatricality, and emotional intensity. The painting's lively atmosphere and Bacchus' joyful presence encapsulate the spirit of the Baroque period, where art sought to engage the viewer's senses and evoke powerful emotions.",img/theallegoryofthefaith.jpg
28,Baroque,The Triumph of Bacchus,Diego Velázquez,1628-1629,"The Triumph of Bacchus, painted by Diego Velázquez, is an iconic masterpiece of the Baroque art movement. The painting portrays the mythological god Bacchus surrounded by a lively group of revelers. The composition exudes energy and dynamism, with vibrant colors and intricate details. The Triumph of Bacchus exemplifies the Baroque fascination with dramatic narratives, sensual aesthetics, and a celebration of life's pleasures. It captures the essence of the era's artistic style, characterized by its boldness, theatricality, and emotional intensity. The painting's lively atmosphere and Bacchus' joyful presence encapsulate the spirit of the Baroque period, where art sought to engage the viewer's senses and evoke powerful emotions.",img/thetriumphofbacchus.jpg
29,Baroque,The Sacrifice of Isaac,Caravaggio,1603,"The Sacrifice of Isaac, painted by Caravaggio, is a powerful depiction of the biblical story of Abraham's willingness to sacrifice his son Isaac. The painting captures the intense moment of tension and emotion as Abraham prepares to carry out the act. Caravaggio's masterful use of light and shadow creates a dramatic effect, emphasizing the psychological turmoil experienced by the characters. The Sacrifice of Isaac is a significant work of the Baroque art movement, showcasing the movement's characteristic use of chiaroscuro and its exploration of human emotion. It exemplifies the Baroque fascination with dramatic narratives, intense contrasts, and a profound exploration of human psychology and faith.",img/thesacrificeofisaac.jpg
30,Baroque,The Anatomy Lesson of Dr. Nicolaes Tulp,Rembrandt van Rijn,1632,"The Anatomy Lesson of Dr. Nicolaes Tulp, painted by Rembrandt, is a remarkable example of the Baroque art movement. The painting depicts a group of surgeons gathered around the dissected body of a cadaver, led by Dr. Nicolaes Tulp. Rembrandt's attention to detail and his skillful use of light and shadow bring the scene to life, creating a sense of depth and realism. The composition and the focus on the human figure reflect the Baroque interest in capturing the human experience and the exploration of human anatomy. The Anatomy Lesson of Dr. Nicolaes Tulp is not only a significant work of art but also a testament to the advancements in scientific knowledge during the Baroque era.",img/theanatomylessonofdrnicolaestulp.jpg
31,Neoclassicism,The Death of Marat,Jacques-Louis David,1793,"The Death of Marat is an iconic painting by Neoclassical artist Jacques-Louis David. Created during the French Revolution, it depicts the murdered revolutionary leader Jean-Paul Marat in a neoclassical style. The composition is marked by its simplicity and clarity, reminiscent of classical Greek and Roman art. The figure of Marat, bathed in soft light, is portrayed with idealized beauty and dignity. The painting's focus on moral and political ideals, as well as its emphasis on classical forms and principles, exemplify the Neoclassical movement's return to the aesthetics of ancient Greece and Rome. The Death of Marat stands as a powerful testament to the Neoclassical era's fusion of art and politics.",img/thedeathofmarat.jpg
32,Neoclassicism,Oath of the Horatii,Jacques-Louis David,1784,"The Oath of the Horatii is a renowned painting by Neoclassical artist Jacques-Louis David. Created during the French Revolution, it depicts a scene from Roman history, where three Roman brothers take a solemn oath to defend Rome against Alba Longa. The painting exemplifies the Neoclassical movement's fascination with ancient history and its commitment to moral and patriotic themes. The composition is characterized by its strong lines, precise details, and restrained color palette, reflecting the influence of classical Greek and Roman art. The Oath of the Horatii encapsulates the Neoclassical spirit of heroism, sacrifice, and devotion to duty, and remains a powerful symbol of the movement's reverence for classical ideals.",img/oathofthehoratii.jpg
33,Neoclassicism,The Sleep of Reason Produces Monsters,Francisco Goya,1799,"The Sleep of Reason Produces Monsters is a renowned etching by Spanish artist Francisco Goya. Created during the Romantic period, it is part of his series of prints titled "Los Caprichos." The etching depicts a man resting his head on a desk, surrounded by various creatures and ominous figures. The artwork reflects Goya's exploration of the dark and irrational aspects of human existence. It is often interpreted as a critique of the ignorance, superstition, and irrationality that Goya observed in society. The Sleep of Reason Produces Monsters exemplifies the Romantic movement's interest in exploring the complexities of the human psyche and challenging conventional norms and beliefs.",img/thesleepofreasonproducesmonsters.jpg
34,Neoclassicism,Napoleon Crossing the Alps,Jacques-Louis David,1801,"Napoleon Crossing the Alps is an iconic painting by French Neoclassical artist Jacques-Louis David. Created during the early 19th century, it is a grand portrayal of Napoleon Bonaparte on horseback, crossing the treacherous terrain of the Alps. The painting captures the heroic and powerful image of Napoleon, emphasizing his leadership and determination. With its monumental scale and meticulous attention to detail, the artwork exemplifies the Neoclassical style, which sought inspiration from classical antiquity and aimed to convey moral and political ideals. Napoleon Crossing the Alps reflects the neoclassical emphasis on heroism, grandeur, and the celebration of historical events and figures.",img/napoleoncrossingthealps.jpg
35,Neoclassicism,The Third of May 1808,Francisco Goya,1814,"The Third of May 1808, also known as The Execution of the Defenders of Madrid, is a significant painting by Spanish Romantic artist Francisco Goya. Created in the early 19th century, it depicts the brutal execution of Spanish civilians by French soldiers during the Peninsular War. The painting is renowned for its emotional intensity and dramatic composition. Goya masterfully captures the despair, fear, and tragedy of the event, highlighting the suffering of the innocent victims. The Third of May 1808 is considered a powerful critique of war and oppression, and it exemplifies the Romantic movement's emphasis on individual emotion, social commentary, and the exploration of human suffering and resilience.",img/thethirdofmay1808.jpg
36,Neoclassicism,Cupid and Psyche,Antonio Canova,1787-1793,"Cupid and Psyche is a captivating painting that showcases the mythical love story between the mortal Psyche and the god of love, Cupid. Created by neoclassical artist Jacques-Louis David, the artwork exemplifies the neoclassical style of the late 18th and early 19th centuries. Drawing inspiration from ancient Greek and Roman art, David's painting depicts the moment when Cupid revives the lifeless Psyche with a tender kiss. The painting embodies the neoclassical ideals of beauty, harmony, and idealized forms, while also conveying a sense of emotional depth and narrative storytelling. Cupid and Psyche serves as a testament to the neoclassical movement's revival of classical themes and its pursuit of timeless elegance and refinement.",img/cupidandpsyche.jpg
37,Neoclassicism,The Raft of the Medusa,Théodore Géricault,1818-1819,"The Raft of the Medusa is an iconic painting by Théodore Géricault that exemplifies the artistic style of Romanticism. The artwork depicts the aftermath of a shipwreck where survivors are stranded on a makeshift raft in the open sea. Géricault's masterpiece captures the dramatic and emotional intensity of the harrowing event, highlighting themes of human suffering, survival, and the struggle against nature's forces. The painting's monumental scale and detailed depiction of the figures showcase the artist's commitment to realism and his desire to convey the raw and poignant experiences of the human condition. The Raft of the Medusa stands as a powerful symbol of Romanticism's emphasis on individualism, emotions, and the exploration of the sublime.",img/theraftofthemedusa.jpg
38,Neoclassicism,The Emperor Napoleon in His Study at the Tuileries,Jacques-Louis David,1812,"The Emperor Napoleon in His Study at the Tuileries is a significant artwork that emerged during the Neoclassical period. Painted by Jacques-Louis David, the piece portrays Napoleon Bonaparte in a private setting, surrounded by symbols of power and intellect. The painting exemplifies the Neoclassical style through its emphasis on order, clarity, and idealized forms. The composition reflects the artist's admiration for Napoleon as a heroic figure, while also conveying the grandeur and authority associated with the Emperor. Through its meticulous attention to detail and classical aesthetics, The Emperor Napoleon in His Study at the Tuileries exemplifies the Neoclassical movement's commitment to rationality, balance, and the revival of ancient artistic traditions.",img/theemperornapoleoninhisstudyatthetuileries.jpg
39,Neoclassicism,The Coronation of Napoleon,Jacques-Louis David,1805-1807,"The Coronation of Napoleon, created by Jacques-Louis David, is an iconic painting of the Neoclassical period. It depicts the coronation ceremony of Napoleon Bonaparte as Emperor of the French in 1804. The artwork showcases the grandeur and spectacle of the event, with Napoleon and his wife, Josephine, positioned at the center of the composition. The painting reflects the Neoclassical style through its meticulous attention to detail, idealized figures, and classical references. It symbolizes Napoleon's desire to associate himself with the grandeur of ancient rulers and showcases the Neoclassical movement's emphasis on order, harmony, and the revival of classical aesthetics.",img/thecoronationofnapoleon.jpg
40,Neoclassicism,The Hay Wain,John Constable,1821,"The Hay Wain, painted by John Constable, is a masterpiece of the Romantic period. It portrays a rural landscape with a hay wain, or a horse-drawn cart, crossing a river. The painting captures the beauty and tranquility of the English countryside, showcasing the Romantic movement's appreciation for nature and its sublime qualities. The Hay Wain is characterized by its detailed and realistic depiction of the landscape, emphasizing the changing light and atmospheric conditions. It reflects the Romantic ideals of individuality, emotion, and a deep connection with nature. The painting's timeless and universal appeal continues to captivate viewers, making it one of Constable's most renowned works.",img/thehaywain.jpg
41,Romanticism,Wanderer above the Sea of Fog,Caspar David Friedrich,1818,"Wanderer above the Sea of Fog, painted by Caspar David Friedrich, is an iconic work of the Romantic art movement. The painting depicts a solitary figure standing on a rocky precipice, gazing out at a vast and mysterious sea of fog. It embodies the Romantic fascination with the sublime, evoking feelings of awe, wonder, and introspection. The figure's position and the dramatic landscape convey a sense of contemplation and the exploration of the individual's relationship with nature and the infinite. Wanderer above the Sea of Fog captures the essence of Romanticism, with its emphasis on emotion, imagination, and the power of the natural world to evoke profound thoughts and emotions.",img/wandererabovetheseaoffog.jpg
42,Romanticism,Liberty Leading the People,Eugène Delacroix,1830,"Liberty Leading the People, painted by Eugène Delacroix, is an iconic masterpiece of the Romantic art movement. The painting depicts a powerful allegory of liberty and revolution, showcasing a symbolic figure of Liberty leading a diverse group of people in their struggle for freedom. The painting captures the spirit of the Romantic era with its emphasis on passion, emotion, and the celebration of individuality. The vibrant and dynamic composition, the use of bold colors, and the depiction of historical events and political turmoil all contribute to the Romantic sensibility of the artwork. Liberty Leading the People stands as a powerful testament to the Romantic ideals of liberty, equality, and the pursuit of social justice.",img/libertyleadingthepeople.jpg
43,Romanticism,The Nightmare,Henry Fuseli,1781,"The Nightmare, created by Henry Fuseli, is a captivating painting that exemplifies the essence of the Romantic art movement. This haunting and enigmatic artwork explores the realm of dreams and the human psyche, tapping into the mysterious and supernatural aspects of human experience. The painting features a woman in a state of sleep, with a demonic figure crouched upon her chest, surrounded by other eerie and fantastical elements. The Nightmare embraces the Romantic fascination with the irrational, the sublime, and the exploration of the darker aspects of the human mind. Through its evocative imagery and imaginative subject matter, The Nightmare embodies the spirit of Romanticism by evoking powerful emotions and delving into the depths of the human subconscious.",img/thenightmare.jpg
44,Romanticism,The Fighting Temeraire,J.M.W. Turner,1839,"The Fighting Temeraire, painted by J.M.W. Turner, is an iconic masterpiece that encapsulates the essence of the Romantic art movement. Depicting a majestic sailing ship being towed by a steam-powered tugboat, the painting explores themes of nostalgia, transition, and the passage of time. The contrast between the graceful, fading ship and the powerful industrial vessel symbolizes the shift from the age of sail to the era of steam. Through his use of luminous colors, dramatic lighting, and expressive brushwork, Turner creates a poignant and atmospheric scene that captures the viewer's imagination. The Fighting Temeraire embodies the Romantic fascination with the sublime, the contemplation of nature, and the exploration of human emotions, making it an enduring symbol of the Romantic art movement.",img/thefightingtemeraire.jpg
45,Romanticism,The Slave Ship,J.M.W. Turner,1840,"The Slave Ship, also known as Slavers Throwing Overboard the Dead and Dying, by J.M.W. Turner, is a powerful and evocative painting that exemplifies the spirit of the Romantic art movement. Depicting a turbulent sea scattered with drowning slaves and discarded bodies, the artwork serves as a haunting critique of the transatlantic slave trade. Turner's use of vibrant colors, swirling brushstrokes, and dramatic composition conveys a sense of chaos and horror, while also capturing the sublime forces of nature. The Slave Ship reflects the Romantic fascination with moral and political themes, as well as the exploration of humanity's relationship with nature and the darker aspects of human existence. It stands as a poignant reminder of the atrocities committed during the era and the artist's impassioned plea for justice and compassion.",img/theslaveship.jpg
46,Romanticism,The Slave Market,Jean-Léon Gérôme,1866,"The Slave Market, painted by Jean-Léon Gérôme, is a significant artwork that embodies the themes and style of the Orientalist movement within the broader context of Romanticism. The painting portrays a scene of a North African slave market, with enslaved individuals being presented for sale to potential buyers. Gérôme's meticulous attention to detail, vibrant colors, and precise rendering create a visually compelling composition. The artwork captures the exoticism and fascination with the "other" prevalent in Orientalist art, while also highlighting the harsh realities of the slave trade. The Slave Market serves as a reflection of the Romantic era's interest in exploring distant lands, cultural encounters, and social critiques, shedding light on the darker aspects of human history and challenging prevailing notions of power, exploitation, and inequality.",img/theslavemarket.jpg
47,Romanticism,The Fighting Cocks,Winslow Homer,1866,"The Fighting Cocks, painted by Francisco de Goya, is a captivating artwork that exemplifies the themes and techniques of the Romantic art movement. The painting depicts two roosters engaged in a fierce battle, their feathers ruffled and their bodies contorted in a display of intense aggression. Goya's brushwork captures the dynamic energy and raw emotions of the scene, highlighting the power and brutality of the animal kingdom. The artwork reflects the Romantic fascination with the sublime, the untamed forces of nature, and the exploration of intense emotions. Through The Fighting Cocks, Goya invites viewers to contemplate the primal instincts, the cycle of life and death, and the unbridled passion that exists in the natural world.",img/thefightingcocks.jpg
48,Romanticism,The Oxbow,Thomas Cole,1836,"The Oxbow, painted by Thomas Cole, is a significant artwork of the Romantic art movement that showcases the sublime beauty of the American landscape. The painting depicts a panoramic view of a meandering river surrounded by lush greenery, with a stormy sky looming overhead. In the foreground, the artist includes an oxbow bend, a curved section of the river, which symbolizes the journey and exploration of the American frontier. The Oxbow reflects the Romantic fascination with nature, the sublime, and the exploration of the untamed wilderness. It invites viewers to contemplate the awe-inspiring power of nature and the interconnectedness between man and the natural world.",img/theoxbow.jpg
49,Romanticism,The Execution of Lady Jane Grey,Paul Delaroche,1833,"The Execution of Lady Jane Grey, painted by Paul Delaroche, is a poignant artwork that captures a dramatic moment from history and exemplifies the Romantic art movement. The painting depicts the young Lady Jane Grey, who was briefly Queen of England, moments before her execution. She is shown in a white gown, surrounded by somber figures and positioned on the scaffold, symbolizing the impending tragedy. Delaroche's masterful use of light and shadow, along with his attention to emotional detail, evokes a sense of empathy and captures the intense human drama of the scene. The Execution of Lady Jane Grey embodies the Romantic fascination with individualism, emotion, and historical subject matter, inviting viewers to reflect on themes of power, fate, and the fragility of human life.",img/theexecutionofladyjanegrey.jpg
50,Romanticism,The Evening Star,Caspar David Friedrich,1824,"The Evening Star, painted by Joseph Mallord William Turner, is a sublime masterpiece that epitomizes the Romantic art movement. The painting depicts a tranquil scene of a radiant evening sky with a bright star shining above a serene landscape. Turner's use of vibrant colors and atmospheric effects creates a dreamlike and ethereal ambiance, evoking a sense of awe and wonder in the viewer. The Evening Star captures the Romantic fascination with nature, spirituality, and the sublime. It invites viewers to contemplate the beauty and power of the natural world and to find solace and inspiration in its transcendent qualities.",img/theeveningstar.jpg
51,Realism,The Gleaners,Jean-François Millet,1857,"The Gleaners is a renowned painting by Jean-François Millet, a significant work of the Realism art movement. Created in 1857, the painting depicts three rural women stooping in a field, collecting leftover crops after the harvest. The artwork captures the dignity and perseverance of the working class, reflecting the social realities of the time. Millet's attention to detail and focus on the lives of ordinary people exemplify the core principles of Realism. The Gleaners became an emblematic representation of the movement, highlighting the artist's commitment to portraying the hardships and struggles of the working class and shedding light on societal inequalities.",img/thegleaners.jpg
52,Realism,The Stone Breakers,Gustave Courbet,1849,"The Stone Breakers is an influential artwork by Gustave Courbet, a seminal piece within the Realism art movement. Painted in 1849, it depicts two laborers, one old and the other young, engaged in the backbreaking task of breaking stones on a roadside. Courbet's painting presents a stark and unidealized representation of the working class, highlighting the harsh conditions and the plight of manual laborers. The Stone Breakers exemplifies the Realist objective of depicting the realities of everyday life, shedding light on social inequality and the hardships faced by the lower class. Through its powerful portrayal, the artwork challenges romanticized notions of labor and emphasizes the need for social reform.",img/thestonebreakers.jpg
53,Realism,Olympia,Édouard Manet,1863,"Olympia is an iconic painting by Édouard Manet, a significant work associated with the Realism art movement. Created in 1863, it depicts a reclining nude woman, identified as a courtesan, confidently staring directly at the viewer. Olympia's confrontational gaze and her status as a sex worker challenged traditional artistic conventions and societal norms of the time. The painting caused controversy due to its subject matter and the unapologetic depiction of a woman in a position of power. Olympia is considered a seminal work of Realism as it defied idealized portrayals and instead offered a raw and unflinching representation of the realities of the contemporary world.",img/olympia.jpg
54,Realism,A Burial at Ornans,Gustave Courbet,1849-1850,"A Burial at Ornans is a renowned painting by Gustave Courbet, a notable work associated with the Realism art movement. Completed in 1849-1850, it depicts a funeral procession in the artist's hometown of Ornans, France. The painting showcases a realistic portrayal of mourners, emphasizing the ordinary people rather than idealized figures. Courbet's intention was to capture the essence of everyday life and convey the human experience in a direct and unadorned manner. A Burial at Ornans challenged the traditional conventions of grand historical or mythological subjects and instead celebrated the ordinary and mundane. The painting exemplifies the principles of Realism by focusing on the truthful representation of the contemporary world.",img/aburialatornans.jpg
55,Realism,The Railway,Édouard Manet,1873,"The Railway, painted by Édouard Manet in 1873, is a significant work associated with the Realism art movement. It depicts a scene at the Gare Saint-Lazare in Paris, showcasing a modern railway platform with passengers waiting for their trains. The painting captures the industrialization and urbanization of the time, portraying everyday life in a rapidly changing society. Manet's deliberate focus on ordinary subjects and his rejection of idealized depictions align with the principles of Realism. The Railway is regarded as a pioneering work that challenged traditional artistic norms and emphasized the portrayal of contemporary life in all its realistic and unfiltered aspects.",img/therailway.jpg
56,Realism,The Horse Fair,Rosa Bonheur,1852-1855,"The Horse Fair, painted by Rosa Bonheur in 1853-1855, is a renowned work associated with the Realism art movement. It depicts a vibrant and dynamic scene of a horse market, showcasing a group of horses and their handlers in action. The painting captures the energy, strength, and beauty of these magnificent animals, while also providing a realistic portrayal of the bustling market atmosphere. Bonheur's attention to detail, anatomical accuracy, and emphasis on capturing the essence of the subject align with the principles of Realism. The Horse Fair is regarded as a masterpiece that celebrates the working class, rural life, and the majesty of animals, embodying the spirit of Realism in its honest depiction of everyday reality.",img/thehorsefair.jpg
57,Realism,The Third-Class Carriage,Honoré Daumier,1862-1864,"The Third-Class Carriage, painted by Honoré Daumier in 1862, is a notable work associated with the Realism art movement. It depicts a scene inside a crowded and modest railway carriage, occupied by working-class individuals and families. The painting highlights the social realities and disparities of the time, focusing on the marginalized and underrepresented members of society. Daumier's attention to detail and his ability to capture the expressions, postures, and interactions of the passengers convey a sense of empathy and human connection. The Third-Class Carriage reflects the Realist aim of representing the everyday lives of ordinary people and shedding light on the social and economic conditions of the working class.",img/thethirdclasscarriage.jpg
58,Realism,The Angelus,Jean-François Millet,1857-1859,"The Angelus, painted by Jean-François Millet in 1857-1859, is a significant work within the Realism art movement. It portrays a peasant couple, standing in a field with their heads bowed in prayer, as they pause to observe the ringing of the evening church bells. The painting captures a quiet and contemplative moment of devotion in the everyday life of rural peasants. The Angelus reflects the Realist interest in depicting ordinary people and their daily activities with sincerity and authenticity. Through its attention to detail, atmospheric lighting, and subtle symbolism, the painting evokes a sense of spirituality, humility, and the importance of faith in the lives of the working class.",img/theangelus.jpg
59,Realism,The Grain Sifters,Gustave Courbet,1854,"The Grain Sifters, also known as Les Cribleuses de Blé, is a painting by Gustave Courbet created in 1854. It exemplifies the principles of the Realism art movement by portraying the laborious work of rural women in the process of sifting grain. The painting depicts three women engrossed in their task, diligently sifting through the harvested wheat. Courbet's attention to detail and focus on the ordinary aspects of everyday life highlight the realities of manual labor and the socioeconomic conditions of the working class. The Grain Sifters captures the essence of Realism by presenting an unromanticized view of rural labor and emphasizing the dignity of the workers.",img/thegrainsifters.jpg
60,Realism,The Absinthe Drinker,Édouard Manet,1859-1860,"The Absinthe Drinker, painted by Édouard Manet in 1859, is a significant work of the Realism art movement. The painting portrays a solitary figure, a man sitting at a café table, engrossed in his own thoughts while holding a glass of absinthe. The scene depicts the gritty reality of urban life, capturing the somber atmosphere and the alienation experienced by individuals in a rapidly changing society. The Absinthe Drinker reflects the social concerns of the time, addressing themes of addiction, isolation, and the struggles of everyday existence. With its unflinching portrayal of a marginalized individual, the painting epitomizes the Realist approach of presenting life as it is, unadorned by idealism or romanticism.",img/theabsinthedrinker.jpg
61,Impressionism,"Impression, Sunrise",Claude Monet,1872,"Impression, Sunrise is a seminal work by Claude Monet, often regarded as the catalyst for the Impressionism art movement. Painted in 1872, it depicts a misty harbor scene at Le Havre, with the rising sun casting its gentle glow on the water and boats. The painting's loose brushwork and vibrant color palette, combined with the emphasis on capturing the play of light and atmosphere, epitomize the core principles of Impressionism. Through this work, Monet sought to convey the fleeting nature of light and evoke a sense of atmosphere and mood rather than precise details. Impression, Sunrise sparked a revolution in art, inspiring a generation of artists to break free from traditional conventions and explore the realm of subjective perception and the beauty of fleeting moments.",img/impressionsunrise.jpg
62,Impressionism,A Bar at the Folies-Bergère,Édouard Manet,1882,"A Bar at the Folies-Bergère is an iconic painting by Édouard Manet that exemplifies the Impressionism art movement. Created in 1882, it portrays a scene inside the famous Parisian cabaret, capturing a complex narrative of social interactions and reflections. The painting showcases Manet's mastery of light, color, and composition, as well as his ability to capture the modernity and atmosphere of urban life. Through loose brushwork, bold colors, and fragmented perspectives, Manet explores the theme of perception and the blurred boundaries between reality and illusion. A Bar at the Folies-Bergère represents the Impressionists' departure from traditional academic techniques and their pursuit of capturing fleeting moments and subjective experiences.",img/abaratthefoliesbergere.jpg
63,Impressionism,Water Lilies,Claude Monet,1914-1926,"Water Lilies is a series of paintings by Claude Monet, one of the key figures of the Impressionism art movement. Created between the late 19th and early 20th centuries, these paintings depict Monet's garden at Giverny, specifically the water lily pond and its surroundings. The series is characterized by its focus on capturing the play of light, color, and reflections on the water's surface, as well as the delicate beauty of the water lilies and other plants. Monet's use of loose brushwork and vibrant colors creates an immersive and dreamlike atmosphere, emphasizing the sensory experience of being in nature. Water Lilies exemplifies the Impressionists' fascination with capturing the fleeting and ever-changing qualities of light and the natural world.",img/waterlilies.jpg
64,Impressionism,Dance at the Moulin de la Galette,Pierre-Auguste Renoir,1876,"Dance at the Moulin de la Galette is a renowned painting by Pierre-Auguste Renoir, a prominent artist of the Impressionism art movement. Created in 1876, the painting depicts a vibrant scene at an outdoor dance venue in Montmartre, Paris. Renoir captures the joyful and lively atmosphere of the dance, showcasing people socializing, dancing, and enjoying themselves. The painting is characterized by Renoir's loose brushwork, vibrant colors, and emphasis on capturing the effects of natural light. Dance at the Moulin de la Galette exemplifies the Impressionists' interest in capturing everyday life and fleeting moments, as well as their exploration of light, movement, and the vibrant energy of urban settings.",img/danceatthemoulindelagalette.jpg
65,Impressionism,Starry Night Over the Rhône,Vincent van Gogh,1888,"Starry Night Over the Rhône is a notable painting by Vincent van Gogh, an influential artist associated with the Post-Impressionism art movement. Created in 1888, the painting portrays a night scene along the Rhône River in Arles, France. Van Gogh's distinctive brushwork and use of bold, vibrant colors bring the night sky to life, with swirling stars and reflections on the water. The painting captures a sense of tranquility and wonder, inviting viewers to contemplate the beauty of the night and the interplay between light and darkness. Starry Night Over the Rhône exemplifies van Gogh's unique artistic style and his exploration of emotional expression through color and texture.",img/starrynightovertherhone.jpg
66,Impressionism,Woman with a Parasol,Claude Monet,1875,"Woman with a Parasol, also known as Madame Monet and Her Son, is a renowned painting by Claude Monet, a prominent artist associated with the Impressionism art movement. Created in 1875, the painting depicts a woman, identified as Monet's wife Camille, and their young son Jean walking in a sunlit meadow. The artwork captures a spontaneous moment, with loose brushstrokes and vibrant colors that convey the effects of light and movement. Monet's emphasis on capturing fleeting impressions and the play of light on different surfaces is characteristic of Impressionism. Woman with a Parasol showcases Monet's ability to capture the beauty of everyday life and the transient nature of the natural world.",img/womanwithaparasol.jpg
67,Impressionism,The Dance Class,Edgar Degas,1874,"The Dance Class is a renowned painting by Edgar Degas, a prominent artist associated with the Impressionism art movement. Created in 1874, the painting depicts a ballet class in progress, with dancers rehearsing their moves under the guidance of a ballet master. Degas, known for his fascination with capturing scenes from everyday life, portrays the grace, elegance, and discipline of ballet through his meticulous attention to detail. The painting showcases Degas' mastery of composition, light, and movement, as he captures the dynamic poses and gestures of the dancers. The Dance Class exemplifies the Impressionist interest in capturing fleeting moments and exploring the interplay between light, color, and human subjects.",img/thedanceclass.jpeg
68,Impressionism,Bridge Over a Pond of Water Lilies,Claude Monet,1899,"Bridge Over a Pond of Water Lilies is a notable painting by Claude Monet, a key figure in the Impressionism art movement. Created in 1899, the artwork showcases Monet's signature style of capturing the effects of light and color in outdoor scenes. The painting depicts a wooden bridge crossing over a pond filled with vibrant water lilies, surrounded by lush foliage. Monet's loose brushwork and use of vibrant hues create a sense of movement and atmosphere, emphasizing the ephemeral nature of light and the ever-changing reflections on the water's surface. Bridge Over a Pond of Water Lilies exemplifies Monet's fascination with nature and his innovative approach to capturing its beauty through the lens of Impressionism.",img/bridgeoverapondofwaterlilies.jpg
69,Impressionism,The Luncheon on the Grass,Édouard Manet,1863,"The Luncheon on the Grass (Le déjeuner sur l'herbe) is a renowned painting by Édouard Manet, a prominent artist of the Impressionism art movement. Created in 1863, the artwork caused a stir due to its unconventional subject matter and composition. The painting depicts a picnic scene in which a nude woman casually interacts with fully clothed men in a pastoral setting. The deliberate juxtaposition of nude and clothed figures challenged traditional artistic conventions and sparked discussions about morality and social norms. The Luncheon on the Grass exemplifies Manet's departure from academic norms and his desire to capture everyday life with honesty and realism, marking a significant moment in the development of Impressionism.",img/theluncheononthegrass.jpg
70,Impressionism,Dancers in Blue,Edgar Degas,1890,"Dances in Blue (Les Danseuses en bleu) is a painting by Edgar Degas, a renowned artist associated with the Impressionism art movement. Created in the late 19th century, the artwork portrays a group of ballet dancers dressed in vibrant blue tutus, captured in a moment of movement and grace. Degas, known for his fascination with the world of dance, skillfully captures the fleeting gestures and dynamics of the dancers, emphasizing their elegance and poise. Through his use of loose brushwork and subtle color variations, Degas creates a sense of atmosphere and movement, inviting viewers to immerse themselves in the enchanting world of ballet. Dances in Blue exemplifies Degas' mastery of capturing the fleeting moments of everyday life and his contribution to the Impressionist movement.",img/dancersinblue.jpg
71,Post-Impressionism,The Thinker,Auguste Rodin,1902,"An iconic bronze sculpture depicting a seated figure lost in contemplation. ""The Thinker"" represents the power of human intellect and philosophical introspection, showcasing Rodin's mastery of capturing human emotion and form.",img/thethinker.jpg
72,Post-Impressionism,Les Demoiselles d'Avignon,Pablo Picasso,1907,"A groundbreaking and influential work that marked the beginning of Cubism. ""Les Demoiselles d'Avignon"" portrays five female figures with fragmented and distorted forms, challenging traditional notions of perspective and representation.",img/lesdemoisellesdavignon.jpg
73,Post-Impressionism,A Sunday Afternoon on the Island of La Grande Jatte,Georges Seurat,1884-1886,"A monumental pointillist painting depicting a leisurely scene along the Seine River, showcasing Seurat's meticulous technique of using small dots of color. The artwork captures the essence of modern urban life and represents a landmark in Neo-Impressionism.",img/asundayafternoonontheislandoflagrandejatte.jpg
74,Post-Impressionism,The Starry Night,Vincent van Gogh,1889,An iconic and emotionally charged painting depicting a swirling night sky filled with stars above a tranquil village. Van Gogh's bold brushwork and expressive colors convey his unique perspective and deep connection with nature.,img/thestarrynight.jpg
75,Post-Impressionism,The Scream,Edvard Munch,1893,"A haunting and iconic representation of existential angst, featuring a figure on a bridge screaming against a backdrop of a blood-red sky. ""The Scream"" is a powerful symbol of human anxiety and emotional turmoil.",img/thescream.jpg
76,Post-Impressionism,The Night Café,Vincent van Gogh,1888,A vivid and evocative painting portraying a nighttime café interior with vibrant colors and contrasting light and shadow. Van Gogh's expressive brushwork and intense use of color convey a sense of isolation and emotional intensity.,img/thenightcafe.jpg
77,Post-Impressionism,The Yellow Christ,Paul Gauguin,1889,"A symbolic and spiritually charged painting depicting the crucifixion of Christ with a vibrant yellow background. Gauguin's work combines elements of Symbolism and Synthetism, exploring themes of faith, spirituality, and the human condition.",img/theyellowchrist.jpg
78,Post-Impressionism,Mont Sainte-Victoire,Paul Cézanne,1902-1906,"A series of landscape paintings capturing Mont Sainte-Victoire, a mountain in Provence, France. Cézanne's explorations of form, color, and perspective in these artworks laid the foundation for the development of Cubism.",img/montsaintevictoire.jpg
79,Post-Impressionism,Tahitian Women on the Beach,Henri Matisse,1891,"A vibrant and exotic portrayal of two Tahitian women relaxing on a beach. Matisse's use of bold colors, simplified forms, and decorative patterns reflects his fascination with the exotic and his exploration of non-Western art influences.",img/tahitianwomenonthebeach.jpg
80,Post-Impressionism,La Parade,Georges Rouault,1908-1913,"A powerful and emotionally charged painting depicting a parade of circus performers, clowns, and musicians. Rouault's use of bold, dark outlines and expressive brushwork conveys a sense of tragedy, highlighting the marginalized and the human condition.",img/laparade.jpeg
81,Surrealism,The Persistence of Memory,Salvador Dalí,1931,"An iconic painting featuring melting clocks draped over various objects, set against a dreamlike landscape. ""The Persistence of Memory"" explores Dalí's fascination with the fluidity of time and the subconscious mind.",img/thepersistenceofmemory.jpg
82,Surrealism,The Elephants,Salvador Dalí ,1948,"A surreal composition depicting elephants with elongated legs and thin, spindly bodies, set against a barren landscape. The artwork evokes a sense of mystery and invites viewers to interpret its symbolic meaning.",img/theelephants.jpg
83,Surrealism,The Son of Man,René Magritte ,1964,"A thought-provoking painting featuring a man in a suit, with a green apple obscuring his face. ""The Son of Man"" challenges the viewer's perception and explores themes of identity, concealment, and hidden truths.",img/thesonofman.jpg
84,Surrealism,The Treachery of Images,René Magritte,1928-1929,"A surrealist artwork featuring a painting of a pipe with the text ""Ceci n'est pas une pipe"" (This is not a pipe) written below it. Magritte questions the relationship between representation and reality, challenging viewers' assumptions.",img/thetreacheryofimages.jpg
85,Surrealism,The Accommodations of Desire,Salvador Dalí,1929,"A surrealistic painting featuring a barren landscape with floating rocks and the silhouette of a couple embracing. ""The Persistence of Desire"" explores Dalí's fascination with desire, love, and the human psyche.",img/theaccommodationsofdesire.jpg
86,Surrealism,The Lovers,René Magritte,1928,"A mysterious painting depicting two lovers embracing, with their faces obscured by white cloth. Magritte's work often plays with the juxtaposition of ordinary objects in unusual contexts, inviting multiple interpretations.",img/thelovers.jpg
87,Surrealism,The Human Condition,René Magritte,1933,"A surrealist painting featuring an easel holding a canvas depicting a landscape that aligns perfectly with the view through a window. ""The Human Condition"" explores the relationship between art, representation, and reality.",img/thehumancondition.jpg
88,Surrealism,The Temptation of Saint Anthony,Salvador Dalí,1946,A surrealistic artwork portraying the temptation of Saint Anthony by strange and fantastical creatures. Dalí's painting captures the hallucinatory nature of dreams and the subconscious mind.,img/thetemptationofsaintanthony.jpg
89,Surrealism,The False Mirror,René Magritte,1928,"A surrealist painting featuring a giant eye with a cloudy sky and the sea reflected in the iris. ""The False Mirror"" challenges the viewer's perception of reality and raises questions about the nature of vision and representation.",img/thefalsemirror.jpg
90,Surrealism,Metamorphosis of Narcissus,Salvador Dalí,1937,"A symbolic artwork depicting Narcissus, the mythological figure, transformed into a hand holding an egg, with a landscape reflected in the egg. Dalí's painting explores themes of self-reflection, transformation, and the unconscious.",img/metamorphosisofnarcissus.jpg
91,Pop Art,Campbell's Soup Cans,Andy Warhol,1962,"A series of 32 paintings featuring Campbell's Soup cans, each representing a different soup flavor. Warhol's work explores consumer culture, mass production, and the blurring of art and everyday objects.",img/campbellssoupcans.jpg
92,Pop Art,Whaam!,Roy Lichtenstein,1963,"A large-scale painting depicting an intense aerial combat scene, inspired by comic book panels. Lichtenstein's work draws on the visual language of popular culture and challenges traditional notions of fine art.",img/whaam.jpg
93,Pop Art,Drowning Girl,Roy Lichtenstein,1963,"A vibrant painting featuring a distressed woman with a speech bubble that reads, ""I don't care! I'd rather sink—than call Brad for help!"" Lichtenstein's work often appropriates and recontextualizes comic book imagery.",img/drowninggirl.jpg
94,Pop Art,Marilyn Diptych,Andy Warhol,1962,"A large-scale artwork featuring multiple repetitions of Marilyn Monroe's face, with some images in color and others in black and white. Warhol's piece explores themes of fame, celebrity culture, and mortality.",img/marilyndiptych.jpg
95,Pop Art,"Just What Is It That Makes Today's Homes So Different, So Appealing?",Richard Hamilton,1956,A collage artwork depicting a modern domestic scene with various consumer products and popular culture references. Hamilton's work critiques the materialism and media-saturated society of the time.,img/justwhatisit.jpg
96,Pop Art,"Oh, Jeff... I Love You, Too... But...",Roy Lichtenstein,1964,"A stylized painting depicting a distressed woman speaking to a man, with a speech bubble that reads, ""Oh, Jeff... I love you, too... but..."" Lichtenstein's work often explores themes of love, romance, and communication.",img/ohjeff.jpg
97,Pop Art,Target,Jasper Johns,1958,"A painting featuring a target motif in bold colors, rendered with textured brushwork. Johns' work blurs the boundaries between fine art and common signs and symbols.",img/target.jpg
98,Pop Art,Nine Jackies,Andy Warhol,1964,"A series of nine silk-screened portraits of Jacqueline Kennedy, each representing a different color combination. Warhol's piece reflects on the media's coverage of Jacqueline Kennedy following the assassination of JFK.",img/ninejackies.jpg
99,Pop Art,Flag,Jasper Johns,1954-1955,"A painting depicting the American flag with textured brushwork and layers of encaustic wax. Johns' work explores themes of identity, patriotism, and the symbolism of the flag.",img/flag.jpg
100,Pop Art,Banana,Claes Oldenburg,1966,"A large-scale sculpture depicting a banana, typically made from vinyl or other materials. Oldenburg's work often takes ordinary objects and enlarges them, transforming them into playful and unconventional artworks.",img/banana.jpeg